{
  "hash": "41c49fb0",
  "configHash": "d7bb2ff1",
  "lockfileHash": "5dcb1de9",
  "browserHash": "8e850a1f",
  "optimized": {
    "@angular/core": {
      "src": "../../../../../../node_modules/@angular/core/fesm2022/core.mjs",
      "file": "@angular_core.js",
      "fileHash": "48bee8f7",
      "needsInterop": false
    },
    "@angular/platform-browser": {
      "src": "../../../../../../node_modules/@angular/platform-browser/fesm2022/platform-browser.mjs",
      "file": "@angular_platform-browser.js",
      "fileHash": "aa7c8e7e",
      "needsInterop": false
    },
    "@angular/router": {
      "src": "../../../../../../node_modules/@angular/router/fesm2022/router.mjs",
      "file": "@angular_router.js",
      "fileHash": "6311d024",
      "needsInterop": false
    },
    "@ionic/angular/standalone": {
      "src": "../../../../../../node_modules/@ionic/angular/fesm2022/ionic-angular-standalone.mjs",
      "file": "@ionic_angular_standalone.js",
      "fileHash": "ad3fb804",
      "needsInterop": false
    }
  },
  "chunks": {
    "hardware-back-button-WOE2PYIO": {
      "file": "hardware-back-button-WOE2PYIO.js"
    },
    "swipe-back-QLOXSXMJ": {
      "file": "swipe-back-QLOXSXMJ.js"
    },
    "keyboard2-66YWXDSS": {
      "file": "keyboard2-66YWXDSS.js"
    },
    "index9-RLWXFX5J": {
      "file": "index9-RLWXFX5J.js"
    },
    "status-tap-DOBCJ6IR": {
      "file": "status-tap-DOBCJ6IR.js"
    },
    "input-shims-2GAYVWJM": {
      "file": "input-shims-2GAYVWJM.js"
    },
    "focus-visible-RAFDA6YZ": {
      "file": "focus-visible-RAFDA6YZ.js"
    },
    "chunk-5FZ4VVZ5": {
      "file": "chunk-5FZ4VVZ5.js"
    },
    "chunk-EUT5B6DW": {
      "file": "chunk-EUT5B6DW.js"
    },
    "chunk-T7NLFTSM": {
      "file": "chunk-T7NLFTSM.js"
    },
    "chunk-S73DE2HG": {
      "file": "chunk-S73DE2HG.js"
    },
    "chunk-IY4ZDLB2": {
      "file": "chunk-IY4ZDLB2.js"
    },
    "chunk-7Q5HCUSL": {
      "file": "chunk-7Q5HCUSL.js"
    },
    "chunk-PSUD33X4": {
      "file": "chunk-PSUD33X4.js"
    },
    "chunk-FBF5PT2R": {
      "file": "chunk-FBF5PT2R.js"
    },
    "chunk-CH6TRUTY": {
      "file": "chunk-CH6TRUTY.js"
    },
    "shadow-css-KQBFNRGS": {
      "file": "shadow-css-KQBFNRGS.js"
    },
    "ios.transition-FHTSDI7Y": {
      "file": "ios__transition-FHTSDI7Y.js"
    },
    "chunk-HVC4YSNQ": {
      "file": "chunk-HVC4YSNQ.js"
    },
    "md.transition-GMYIE57Y": {
      "file": "md__transition-GMYIE57Y.js"
    },
    "chunk-VFLHSHY6": {
      "file": "chunk-VFLHSHY6.js"
    },
    "chunk-2KIKQTUI": {
      "file": "chunk-2KIKQTUI.js"
    },
    "chunk-ACUVEYEP": {
      "file": "chunk-ACUVEYEP.js"
    },
    "chunk-G6A6GINZ": {
      "file": "chunk-G6A6GINZ.js"
    },
    "chunk-NWEONTVA": {
      "file": "chunk-NWEONTVA.js"
    },
    "chunk-K4WBEI64": {
      "file": "chunk-K4WBEI64.js"
    },
    "index3-VXTLLDIH": {
      "file": "index3-VXTLLDIH.js"
    },
    "chunk-4AF7KAXZ": {
      "file": "chunk-4AF7KAXZ.js"
    },
    "chunk-ZVATTXSA": {
      "file": "chunk-ZVATTXSA.js"
    }
  }
}